Image_Metadata_Gene,Images,"Total
 Cell Count","Long_projections
 Cell Count","Negative
 Cell Count","p(Enriched)
long_projections","p(Enriched)
negative","Enriched Score
long_projections","Training Total
 Cell Count","Training Long_projections
 Cell Count","Training Negative
 Cell Count"
ABI1,6,64,9,55,0.5546194425856393,0.44538055897924117,0.09526383553953721,0,0,0
ABI2,6,53,3,50,0.25467016073059007,0.7453298180061287,-0.46637044615266987,0,0,0
ABL1,5,39,4,35,0.4301263697715693,0.5698736186259286,-0.12218249264684894,0,0,0
ABLIM1,5,39,5,34,0.5047684923145367,0.4952315155054094,0.008283970756532033,0,0,0
ABLIM3,5,106,15,91,0.5748384517607038,0.4251615502481073,0.13099183112789342,0,0,0
ABR,5,23,4,19,0.5894267245083763,0.4105732720635112,0.157039145383082,0,0,0
ACTA1,6,43,6,37,0.5395018840453364,0.4604981248428093,0.06876510796360857,0,0,0
ACTA2,5,18,1,17,0.3848603887875314,0.615139600970426,-0.20367047957320258,0,0,0
ACTB,4,89,8,81,0.32550070775041734,0.674499309143698,-0.316429561093337,0,0,0
ACTC,6,45,11,34,0.8066248630649974,0.19337513725689678,0.6202709701429988,0,0,0
ACTG1,3,18,2,16,0.47520255674430106,0.5247974319061989,-0.043112941922035075,0,0,0
ACTG2,6,87,10,77,0.44547439438240904,0.5545256011386005,-0.09509885871962254,0,0,0
ACTL6,6,69,8,61,0.45601370767975963,0.5439862878436665,-0.0766100585688067,0,0,0
ACTL7A,3,13,1,12,0.4391378731337412,0.5608621026783546,-0.10625522041487206,0,0,0
ACTL7B,3,22,3,19,0.5183482610279282,0.4816517447937604,0.03188851327147424,0,0,0
ACTN1,4,130,18,112,0.5653565640784711,0.43464343542307876,0.11418931371308502,0,0,0
ACTN2,5,41,7,34,0.6255023393618347,0.3744976602921678,0.22277982913074598,0,0,0
ACTN3,4,53,6,47,0.45262216011410195,0.5473778443924507,-0.08255139845592352,0,0,0
ACTN4,5,53,11,42,0.7491078541557427,0.2508921475952677,0.475057284555057,0,0,0
ACTR10,6,171,16,155,0.2945271649378037,0.7054728280954945,-0.3793549384896496,0,0,0
ACTR1A,6,83,12,71,0.5798851980974532,0.42011480255308475,0.1399740399710596,0,0,0
ACTR1B,6,39,4,35,0.4301263697715693,0.5698736186259286,-0.12218249264684894,0,0,0
ACTR2,4,57,7,50,0.48620809308888535,0.5137919274426348,-0.02396507557607025,0,0,0
ACTR3,4,41,5,36,0.4862725995820802,0.5137274004114113,-0.023852931391580845,0,0,0
ACTR5,12,154,13,141,0.2501060923985109,0.7498939165441291,-0.4768755543050623,0,0,0
ACTR8,6,113,8,105,0.21252989017084958,0.7874700717554274,-0.5688140603757343,0,0,0
ACTRT1,6,112,16,96,0.5833356752122119,0.4166643240643886,0.1461322201779033,0,0,0
ADD1,6,41,10,31,0.7919171264103768,0.2080828741699516,0.5804433985814705,0,0,0
ADD2,5,85,13,72,0.6164138152952473,0.38358618749635703,0.2060094065568867,0,0,0
ADD3,6,42,12,30,0.863168274734544,0.13683172513649966,0.7999086668492879,0,0,0
AFAP,6,92,3,89,0.09860125728853739,0.901398565499826,-0.9610344952022211,0,0,0
AKAP13,6,97,10,87,0.3832029649256855,0.6167970349425198,-0.20671341675527546,0,0,0
ALS2,6,78,4,74,0.18114460587750494,0.8188553601377013,-0.655181808093798,0,0,0
ANLN,5,36,3,33,0.3805964127800979,0.6194036066561546,-0.21150902557313628,0,0,0
ANXA2,3,36,4,32,0.45762374682351337,0.5423762381305366,-0.07379211398817426,0,0,0
ARHE,4,67,13,54,0.7405430001387399,0.25945700036916663,0.45548488922619323,0,0,0
ARHGAP1,6,90,8,82,0.3198805246989381,0.6801194759499073,-0.32759741138016596,0,0,0
ARHGAP11A,5,85,12,73,0.5659804533395488,0.4340195512655245,0.1152921436886106,0,0,0
ARHGAP15,5,58,7,51,0.4781263121256738,0.5218736973420749,-0.03802275656321552,0,0,0
ARHGAP17,6,83,10,73,0.47231484107131344,0.5276851607643863,-0.048143287690162406,0,0,0
ARHGAP18,6,80,10,70,0.4931296074526358,0.5068704006394095,-0.0119358455241928,0,0,0
ARHGAP20,4,58,12,46,0.758741456699846,0.24125854400106828,0.4976111127695943,0,0,0
ARHGAP21,6,102,8,94,0.2588452645521534,0.7411547433627911,-0.45686866359974365,0,0,0
ARHGAP22,6,58,6,52,0.4129262584745495,0.5870737201602246,-0.1528201547483903,0,0,0
ARHGAP23,6,69,6,63,0.3350933188117166,0.6649066847976726,-0.2975949280671901,0,0,0
ARHGAP24,5,69,10,59,0.573892118889705,0.4261078874248404,0.12931069393451217,0,0,0
ARHGAP25,6,70,5,65,0.2711993923532293,0.7288006156578862,-0.42932001394359376,0,0,0
ARHGAP26,6,42,6,36,0.5486770693127206,0.45132293204712937,0.08482941065197169,0,0,0
ARHGAP28,6,64,9,55,0.5546194425856393,0.44538055897924117,0.09526383553953721,0,0,0
ARHGAP4,6,80,14,66,0.6971420588159379,0.30285794095087265,0.3620823189529465,0,0,0
ARHGAP5,6,75,7,68,0.3549549738095479,0.6450450276611138,-0.2594167647189325,0,0,0
ARHGAP6,6,53,8,45,0.5835512958653353,0.41644869927666184,0.14651752278749033,0,0,0
ARHGAP8,6,80,9,71,0.436702974962771,0.5632970355940891,-0.11055130709810004,0,0,0
ARHGAP9,6,75,8,67,0.4132364116894515,0.5867635707138678,-0.15226457408538052,0,0,0
ARHGDIA,5,25,8,17,0.8226196397333364,0.17738036081911857,0.6662935412815503,0,0,0
ARHGDIB,6,81,11,70,0.5410885399276747,0.45891146663624743,0.0715394326597385,0,0,0
ARHGDIG,6,98,12,86,0.4797406836085284,0.5202593220199332,-0.03521331630783653,0,0,0
ARHGEF1,6,85,8,77,0.3488348049385168,0.6511651894151625,-0.27107136926860087,0,0,0
ARHGEF10,6,94,7,87,0.24964026287711086,0.7503597262526064,-0.4779548913483957,0,0,0
ARHGEF11,6,70,15,55,0.8008957848483258,0.19910421542597317,0.6044955535663432,0,0,0
ARHGEF12,6,83,14,69,0.6771842211547485,0.322815778031275,0.3217520758444915,0,0,0
ARHGEF15,6,70,8,62,0.4486743179662898,0.5513256789391264,-0.08947701208853004,0,0,0
ARHGEF16,6,74,12,62,0.6438741565312207,0.35612584150537124,0.25719750311093376,0,0,0
ARHGEF17,6,51,6,45,0.46923032189924696,0.530769676017232,-0.05352003577500797,0,0,0
ARHGEF18,2,34,4,30,0.47661890591765965,0.5233810863202304,-0.04064676531709788,0,0,0
ARHGEF19,4,32,7,25,0.7084913302551917,0.29150866981943685,0.38568306457577073,0,0,0
ARHGEF2,6,70,16,54,0.834449494938754,0.16555050549501435,0.7024695460991927,0,0,0
ARHGEF3,4,71,14,57,0.7563120699778876,0.24368792974734593,0.4918670124460557,0,0,0
ARHGEF4,6,45,10,35,0.7616998417400215,0.2383001597952926,0.5046595345887716,0,0,0
ARHGEF5,6,127,11,116,0.2784744908978746,0.7215255143329826,-0.4134662712730558,0,0,0
ARHGEF6,6,106,9,97,0.28603285602672923,0.7139671436530586,-0.39726230391483397,0,0,0
ARHGEF7,6,49,5,44,0.41681251548877374,0.5831874992321407,-0.14586744433670767,0,0,0
ARHGEF9,2,25,8,17,0.8226196397333364,0.17738036081911857,0.6662935412815503,0,0,0
ARHN,6,173,11,162,0.1359611850149324,0.8640386797932305,-0.803118311446682,0,0,0
ARPC1B,6,38,6,32,0.5861027811358844,0.4138972223506665,0.15108127395419987,0,0,0
ARPC2,3,25,5,20,0.6440093149154202,0.3559906824020059,0.25745351472172784,0,0,0
ARPC3,6,76,12,64,0.6294996803911318,0.3705003173391573,0.23020692698857825,0,0,0
ARPC3B,4,48,7,41,0.5625491607315312,0.43745084227303904,0.10923122701670934,0,0,0
ARPC5,4,54,11,43,0.7417022893232302,0.25829771061566553,0.45810906251149763,0,0,0
ARPC5L,4,62,7,55,0.4466888952071213,0.5533111029415181,-0.09296423052426245,0,0,0
ASPM,4,50,14,36,0.8801049383335725,0.11989506135788704,0.8657331624579179,0,0,0
AVIL,3,54,7,47,0.5109609645501277,0.48903904839106166,0.019044196768955413,0,0,0
AZI1,5,49,6,43,0.486239061492177,0.5137609504010664,-0.023911237077404945,0,0,0
BAF53A,5,40,1,39,0.2088174658201033,0.7911824088499219,-0.5785098704680943,0,0,0
BAIAP2,10,107,22,85,0.8255330008830162,0.17446699907303415,0.6750211478319317,0,0,0
BCR,4,49,10,39,0.730691628222899,0.2693083731768153,0.4334842773257138,0,0,0
BECN1,6,77,15,62,0.7583611805387649,0.2416388193580462,0.49670938866958814,0,0,0
C3ORF10,6,86,17,69,0.7791469610484782,0.2208530393268728,0.5475160015491101,0,0,0
C9ORF100,6,48,13,35,0.8609806140979305,0.13901938625490515,0.7919180072125207,0,0,0
CALD1,6,39,9,30,0.7594069764612205,0.24059302275470648,0.49919155258921205,0,0,0
CAP1,5,64,14,50,0.8005990879953871,0.19940091274338423,0.6036879507186321,0,0,0
CAP2,5,63,7,56,0.43905847019283045,0.5609415149709644,-0.10639523472209467,0,0,0
CAPG,6,95,12,83,0.4989256275615713,0.5010743700103767,-0.001866378958499837,0,0,0
CAPZA1,6,42,5,37,0.47718712366765487,0.5228128882988473,-0.03965755902596363,0,0,0
CAPZA2,6,47,8,39,0.6351213753283522,0.3648786260984615,0.2407083071235262,0,0,0
CAPZA3,5,90,16,74,0.7178842951135945,0.2821157049421108,0.40562718929867325,0,0,0
CAPZB,4,51,6,45,0.46923032189924696,0.530769676017232,-0.05352003577500797,0,0,0
CCM2,2,37,6,31,0.5956193178628818,0.40438068581802056,0.16817837435951147,0,0,0
CDC42,7,102,12,90,0.4549086410897471,0.5450913564751471,-0.07854511097833838,0,0,0
CDC42BPA,6,82,15,67,0.7269860266841682,0.273013973243419,0.42534118788035125,0,0,0
CDC42BPB,6,42,9,33,0.7349924461691053,0.26500755317313424,0.4430246223432453,0,0,0
CDC42EP1,6,100,8,92,0.2682214163176363,0.7317786288635286,-0.435886243791249,0,0,0
CDC42EP2,6,115,7,108,0.16751909883732297,0.8324809097248562,-0.6963099506068311,0,0,0
CDC42EP3,6,92,7,85,0.2592125477284414,0.7407874137114693,-0.4560375968525898,0,0,0
CDC42EP4,6,64,4,60,0.24896621308639783,0.7510337807931143,-0.47951906164174946,0,0,0
CDC42EP5,6,87,9,78,0.3909611868416038,0.6090388170275889,-0.1925113260602696,0,0,0
CEACAM1,5,33,4,29,0.48630900614262423,0.5136910064366076,-0.023789639137041962,0,0,0
CEACAM5,4,82,14,68,0.6838402868165522,0.3161597122722458,0.3350481537153487,0,0,0
CEACAM6,4,75,17,58,0.8387197941367761,0.16128020586042377,0.7160358235560423,0,0,0
CEACAM7,4,48,7,41,0.5625491607315312,0.43745084227303904,0.10923122701670934,0,0,0
CEACAM8,4,52,6,46,0.4608753508116017,0.5391246514851049,-0.06810570736317867,0,0,0
CENTD1,6,70,12,58,0.6727581590820806,0.32724184117814037,0.3129901463631397,0,0,0
CENTD2,6,65,6,59,0.3618761755700296,0.6381238392504488,-0.24634496746420229,0,0,0
CENTD3,6,52,12,40,0.7999732702575247,0.20002672973943197,0.6019874413410001,0,0,0
CFL1,4,37,4,33,0.44832335200219214,0.5516766472662299,-0.09009324030199217,0,0,0
CFL2,6,47,7,40,0.5713850321774814,0.42861496923728587,0.12486152642456505,0,0,0
CGN,5,42,3,39,0.33104964167793643,0.6689503696319992,-0.30550076855727776,0,0,0
CHN1,6,71,5,66,0.26555048362070877,0.734449499165298,-0.44181485249849983,0,0,0
CHN2,5,157,24,133,0.649152581197716,0.3508474199377208,0.2672285025453004,0,0,0
CIT,11,172,24,148,0.5787492307716662,0.42125076979098514,0.137949719869015,0,0,0
CKAP1,6,78,13,65,0.6646618399794111,0.33533816202685235,0.29711776841820614,0,0,0
CLMN,5,67,6,61,0.3482689122297594,0.6517310890510523,-0.2721537280101515,0,0,0
CNN1,6,127,9,118,0.20012117535803464,0.7998788198499857,-0.6017311548417895,0,0,0
CNN2,5,50,6,44,0.47768548468733735,0.5223145280162534,-0.03879005052519047,0,0,0
CNN3,5,39,2,37,0.28240475377117363,0.7175951760753617,-0.40500755002436384,0,0,0
COBL,5,23,6,17,0.7318192654664414,0.2681807355836006,0.4359762623427736,0,0,0
COBLL1,6,56,9,47,0.6190776651684987,0.38092233292183136,0.21090869835850945,0,0,0
CORO1A,5,39,7,32,0.6438557318884327,0.35614426505009916,0.2571626072527961,0,0,0
CORO2A,6,101,9,92,0.3109686978456105,0.6890313012692011,-0.3455222769340508,0,0,0
COTL1,4,42,5,37,0.47718712366765487,0.5228128882988473,-0.03965755902596363,0,0,0
CRK,5,32,9,23,0.8142537467086227,0.18574625323380128,0.6418397032869103,0,0,0
CTNNA1,5,80,8,72,0.3799477245264424,0.6200522809907332,-0.21270445771293847,0,0,0
CTNNA2,5,32,5,27,0.57258295777711,0.427417050712163,0.12698658302285576,0,0,0
CTNNA3,6,65,13,52,0.7541008464290347,0.2458991538023679,0.4866723944340233,0,0,0
CTNNAL1,4,38,9,29,0.767447883465348,0.23255211626979058,0.5185285961689847,0,0,0
CYBA,6,95,12,83,0.4989256275615713,0.5010743700103767,-0.001866378958499837,0,0,0
CYBB,6,64,12,52,0.7160721235306423,0.2839278748420203,0.40174873279393475,0,0,0
CYFIP1,4,21,9,12,0.8902173701060145,0.10978263006715568,0.9089624337765901,0,0,0
CYFIP2,6,46,0,46,0.12473865372436138,0.8752611234428557,-0.8461366968635161,0,0,0
DAAM1,5,26,4,22,0.5574298569229732,0.44257014412796053,0.10020811462217327,0,0,0
DAAM2,6,61,6,55,0.3903950703392661,0.609604929456825,-0.19354414529783853,0,0,0
DAB2,4,26,5,21,0.6336596789831405,0.3663403185620824,0.237971351344714,0,0,0
DBN1,5,42,5,37,0.47718712366765487,0.5228128882988473,-0.03965755902596363,0,0,0
DCTN1,6,44,6,38,0.5304067224005015,0.4695932774334998,0.052887148502105186,0,0,0
DEF6,11,138,8,130,0.13526889058893962,0.8647312093546885,-0.8056831551927447,0,0,0
DEPDC1B,6,113,9,104,0.2541539445292793,0.745846050415695,-0.46755234278888536,0,0,0
DEPDC2,11,112,15,97,0.5383780060010016,0.46162199847043756,0.06680081701519236,0,0,0
DIAPH1,6,47,10,37,0.7462743673652793,0.25372563352054794,0.46853418091815935,0,0,0
DIAPH2,2,35,7,28,0.6807867322678233,0.3192132669590552,0.32893014926642244,0,0,0
DIAPH3,5,126,9,117,0.20358324648377943,0.7964167580934165,-0.5923983516672965,0,0,0
DKFZP762C186,5,73,5,68,0.25457726371515915,0.7454227467928436,-0.46658302089344295,0,0,0
DLC1,6,70,13,57,0.7200065900127058,0.27999341111259596,0.41018866165024115,0,0,0
DMD,6,41,5,36,0.4862725995820802,0.5137274004114113,-0.023852931391580845,0,0,0
DNMBP,4,28,6,22,0.6830406888030073,0.3169593102157019,0.3334430610139039,0,0,0
DOCK1,6,172,17,155,0.32612698891547337,0.6738729937526035,-0.31519132233053015,0,0,0
DOCK10,6,43,8,35,0.6700443567679648,0.3299556419220075,0.3076479933369487,0,0,0
DOCK11,6,55,9,46,0.6273005550948967,0.37269944290869966,0.22611692592198115,0,0,0
DOCK2,6,32,6,26,0.6439130291012638,0.3560869689193867,0.2572711295294381,0,0,0
DOCK3,6,89,6,83,0.22574148096279348,0.7742585588102403,-0.5352746226451535,0,0,0
DOCK4,6,156,11,145,0.17744668848380182,0.8225533029715505,-0.6660961561883051,0,0,0
DOCK5,6,57,7,50,0.48620809308888535,0.5137919274426348,-0.02396507557607025,0,0,0
DOCK6,6,79,9,70,0.4435454894249261,0.5564545126688886,-0.09849150001264584,0,0,0
DOCK7,6,43,11,32,0.8203576957710975,0.1796423046153916,0.6595946395456821,0,0,0
DOCK8,6,33,3,30,0.4075419508114208,0.5924580648237456,-0.1624852842246704,0,0,0
DOCK9,4,17,1,16,0.3952744964035611,0.6047255218297786,-0.1846594908249906,0,0,0
DSTN,5,58,7,51,0.4781263121256738,0.5218736973420749,-0.03802275656321552,0,0,0
DVL1,6,40,9,31,0.7513135593081389,0.24868644155325093,0.4801691202589339,0,0,0
DVL2,6,103,21,82,0.8167027190350626,0.18329728133741127,0.6489079788023753,0,0,0
ECT2,4,17,7,10,0.8398981095244317,0.160101890538095,0.7198301436558578,0,0,0
EEF1A1,4,59,7,52,0.47013205475185027,0.5298679328699105,-0.051947783887871246,0,0,0
ELA1,5,47,10,37,0.7462743673652793,0.25372563352054794,0.46853418091815935,0,0,0
ELMO1,6,46,2,44,0.23551269591781882,0.764487326116306,-0.5113559535785253,0,0,0
ENAH,6,40,7,33,0.6346650597973618,0.36533494558352964,0.23985338015669674,0,0,0
EPB41,4,25,2,23,0.40186920654703373,0.5981307803120308,-0.17271143227812177,0,0,0
EPB41L1,6,42,2,40,0.2613345173044531,0.7386654428015809,-0.45125102969547837,0,0,0
EPB41L2,6,68,4,64,0.22743150771426768,0.7725684800876125,-0.5310863618659575,0,0,0
EPB41L3,6,79,13,66,0.6577360306299534,0.3422639696831227,0.2836904503365155,0,0,0
EPB41L4A,5,62,9,53,0.5704701333491846,0.4295298699343691,0.1232395449324371,0,0,0
EPB41L4B,3,26,5,21,0.6336596789831405,0.3663403185620824,0.237971351344714,0,0,0
EPB41L5,6,66,6,60,0.35501838330499963,0.6449816234953328,-0.2592964945641939,0,0,0
EPB49,5,63,7,56,0.43905847019283045,0.5609415149709644,-0.10639523472209467,0,0,0
EPRS,6,60,6,54,0.3977969844280357,0.6022030444720455,-0.18008143938786067,0,0,0
EPS8,5,44,9,35,0.7185300001527861,0.2814699961512865,0.40701279268389856,0,0,0
ESPN,6,26,5,21,0.6336596789831405,0.3663403185620824,0.237971351344714,0,0,0
EVL,4,25,4,21,0.5680087539386769,0.4319912499517465,0.11888008265460653,0,0,0
EXOC7,4,61,6,55,0.3903950703392661,0.609604929456825,-0.19354414529783853,0,0,0
FARP1,4,19,3,16,0.5515233808129885,0.4484766209412623,0.08982412175053667,0,0,0
FARP2,11,97,16,81,0.6748209698600929,0.32517903046890806,0.317066038274721,0,0,0
FGD1,6,72,7,65,0.3746746271026486,0.6253253676228832,-0.22245176701272054,0,0,0
FGD2,6,93,11,82,0.4599489607927239,0.5400510344296288,-0.06972516416530816,0,0,0
FGD3,6,66,16,50,0.855421192067281,0.1445788079536759,0.7720753655732164,0,0,0
FGD4,8,178,13,165,0.1774115213251049,0.822588512198614,-0.666200802371618,0,0,0
FGD5,4,50,9,41,0.6687202915348803,0.3312797054248804,0.3050496662539025,0,0,0
FGD6,6,78,7,71,0.3361043426001668,0.6638956524951504,-0.2956257041365497,0,0,0
FHOD1,6,49,8,41,0.6177883144634794,0.3822116850763478,0.20853572850322677,0,0,0
FHOD3,4,43,5,38,0.4682131723152021,0.5317868294410987,-0.055293948083020183,0,0,0
FLII,4,22,2,20,0.4322022472862284,0.5677977522096607,-0.11850664858134949,0,0,0
FLJ10665,6,99,11,88,0.42254347767934836,0.5774565304985867,-0.13564788864245614,0,0,0
FLJ20896,6,78,10,68,0.507316412572814,0.4926835917062252,0.012710817694222831,0,0,0
FLJ40773,4,40,9,31,0.7513135593081389,0.24868644155325093,0.4801691202589339,0,0,0
FLNA,5,54,10,44,0.6912976409617433,0.30870235692766146,0.3501251265829085,0,0,0
FLNB,4,44,6,38,0.5304067224005015,0.4695932774334998,0.052887148502105186,0,0,0
FLNC,6,36,5,31,0.5332814925987244,0.4667185149339437,0.05790148898718839,0,0,0
FMN2,4,97,5,92,0.1525399846705813,0.8474599936705367,-0.7447355181640068,0,0,0
FMNL1,6,54,12,42,0.7864410128702531,0.2135589880881931,0.5661483014426939,0,0,0
FMNL2,6,38,4,34,0.4391570243676113,0.5608429657557513,-0.10622145111883241,0,0,0
FMNL3,5,41,5,36,0.4862725995820802,0.5137274004114113,-0.023852931391580845,0,0,0
FNBP2,6,91,9,82,0.36654431073038124,0.6334556762793435,-0.23758975798738785,0,0,0
FRG1,6,60,10,50,0.6438270258666157,0.35617297560100825,0.25710824030200385,0,0,0
FRMD1,4,30,3,27,0.43592984386958866,0.5640701675057973,-0.11191652069779401,0,0,0
FRMD4,5,43,6,37,0.5395018840453364,0.4604981248428093,0.06876510796360857,0,0,0
FSCN1,6,42,5,37,0.47718712366765487,0.5228128882988473,-0.03965755902596363,0,0,0
FSCN2,6,54,8,46,0.5751035676360942,0.42489642958786517,0.13146297717948016,0,0,0
FSCN3,4,46,8,38,0.6438269662244276,0.35617303709707093,0.2571081273464219,0,0,0
GAR17,3,36,5,31,0.5332814925987244,0.4667185149339437,0.05790148898718839,0,0,0
GARNL3,5,42,10,32,0.7844549600602284,0.21554503964543376,0.5610299799217309,0,0,0
GAS2,6,68,13,55,0.7337209055838105,0.2662790923275951,0.4401938221129953,0,0,0
GAS2L1,4,49,9,40,0.6770366228709059,0.32296337825009225,0.32145888385597643,0,0,0
GAS8,4,66,4,62,0.23796852851172764,0.7620314953324858,-0.5054533827031068,0,0,0
GMFB,12,99,16,83,0.6624915900563475,0.33750841123068553,0.2928957705943457,0,0,0
GMFG,9,79,14,65,0.7037827634027192,0.2962172356992976,0.3758283000663525,0,0,0
GMIP,4,54,2,52,0.1909970933117053,0.8090028361037715,-0.6269233240137448,0,0,0
GNE,4,28,3,25,0.4556416458375565,0.5443583551936699,-0.07726148042180392,0,0,0
GOPC,5,60,15,45,0.8571269991735029,0.14287300081542037,0.7780950089180929,0,0,0
GRLF1,4,47,6,41,0.5036333545610243,0.49636666250238004,0.006311894448159383,0,0,0
GRSP1,5,47,9,38,0.6936661646427164,0.30633383643235323,0.35495554278746433,0,0,0
GSN,6,44,10,34,0.76934109370171,0.23065890567111003,0.5231487021000838,0,0,0
HIP-55,6,53,5,48,0.38495769025591053,0.6150422846533874,-0.20349199271202728,0,0,0
HIP1,4,40,10,30,0.7993090708433922,0.20069092954601153,0.6001869978688554,0,0,0
HIP1R,3,24,6,18,0.7221181138937792,0.2778818824006999,0.4147480011848992,0,0,0
HOMER1,5,76,4,72,0.18959798616425308,0.8104019305321426,-0.6308667914480419,0,0,0
HRIHFB2122,6,47,8,39,0.6351213753283522,0.3648786260984615,0.2407083071235262,0,0,0
HSMDPKIN,6,65,8,57,0.4861794308002902,0.5138205708462833,-0.02401490506362114,0,0,0
INCENP,83,689,95,594,0.5925193635679024,0.4074806387253337,0.16259557188475138,0,0,0
INPP5B,6,38,8,30,0.7137663922748235,0.28623360749348165,0.39683547081775933,0,0,0
IQGAP1,5,81,14,67,0.690493723309306,0.3095062759611705,0.3484902743291349,0,0,0
IQGAP2,5,61,8,53,0.5175734448296285,0.48242656420192453,0.030540780329994854,0,0,0
IQGAP3,3,13,1,12,0.4391378731337412,0.5608621026783546,-0.10625522041487206,0,0,0
ITSN1,4,41,6,35,0.5579287097510003,0.44207128954218433,0.10108639867280506,0,0,0
ITSN2,6,41,9,32,0.7431734698165979,0.2568265321387687,0.46145031325875097,0,0,0
JUB,5,112,8,104,0.2163904924613793,0.7836094944936765,-0.5588615213740615,0,0,0
KALRN,6,60,9,51,0.5865121528483792,0.41348784822633594,0.15181426566225856,0,0,0
KIAA0317,5,14,2,12,0.5209487456859379,0.4790512635034063,0.03641301506591982,0,0,0
KIAA0720,6,82,10,72,0.47918950600548293,0.5208104922009605,-0.036172427733190404,0,0,0
KIAA1000,6,172,10,162,0.11403793190420257,0.8859622075593317,-0.8903657955319764,0,0,0
KIAA1189,6,126,14,112,0.4137481903122434,0.586251815033386,-0.15134808910622943,0,0,0
KIAA1804,6,92,12,80,0.5185648996264591,0.48143510372533316,0.03226536656233464,0,0,0
KIAA2010,5,52,10,42,0.7071071490880572,0.29289285066429666,0.38277645681262307,0,0,0
KIF11,96,710,103,607,0.6474696825523619,0.35253031674649377,0.2640229655428067,0,0,0
KLHL2,4,29,1,28,0.2847144542338848,0.7152855278140581,-0.4000699333250938,0,0,0
KNDC1,6,39,10,29,0.8066254669777453,0.19337453279713152,0.6202726516039474,0,0,0
KPTN,6,130,6,124,0.09895366223587879,0.9010462733738581,-0.9593152539422204,0,0,0
LASP1,5,39,3,36,0.3551022539966157,0.6448977746005842,-0.2591374300512689,0,0,0
LCP1,6,33,4,29,0.48630900614262423,0.5136910064366076,-0.023789639137041962,0,0,0
LIMD1,6,66,9,57,0.538980361890023,0.4610196462131217,0.06785351618618385,0,0,0
LMO7,6,76,10,66,0.5217394497247196,0.4782605569491574,0.037789116603345274,0,0,0
LMOD1,6,92,3,89,0.09860125728853739,0.901398565499826,-0.9610344952022211,0,0,0
LOC122618,4,34,2,32,0.3209652346903053,0.6790347816053307,-0.32543401551554935,0,0,0
LOC201176,6,47,8,39,0.6351213753283522,0.3648786260984615,0.2407083071235262,0,0,0
LOC283431,6,71,14,57,0.7563120699778876,0.24368792974734593,0.4918670124460557,0,0,0
LOC389550,5,44,4,40,0.38704664783012577,0.6129533733307867,-0.1996641140615347,0,0,0
LPXN,3,55,4,51,0.3045249456255397,0.6954750399982665,-0.3586586828080019,0,0,0
LRCH1,5,77,9,68,0.45745576906686536,0.5425442402382418,-0.07408604089272564,0,0,0
LRCH2,5,60,16,44,0.8846834190380621,0.11531658106440969,0.8848961302430915,0,0,0
LRCH4,4,36,8,28,0.7311326282417903,0.2688673717959697,0.43445806371889883,0,0,0
LZTFL1,4,23,3,20,0.5075445183279225,0.49245548758273094,0.013107165516372477,0,0,0
MACF1,6,83,6,77,0.2544884022006598,0.7455116447054028,-0.4667864090658649,0,0,0
MAP2,6,86,10,76,0.45208410609659144,0.5479158843090026,-0.08349465977098786,0,0,0
MAP3K11,6,41,9,32,0.7431734698165979,0.2568265321387687,0.46145031325875097,0,0,0
MAP3K9,3,3,1,2,0.5632001619446066,0.43679983482149143,0.11038030233170512,0,0,0
MAP4K1,6,43,6,37,0.5395018840453364,0.4604981248428093,0.06876510796360857,0,0,0
MAP4K2,4,46,5,41,0.44198020879818484,0.5580197886197957,-0.10124677952826477,0,0,0
MAP4K3,5,34,2,32,0.3209652346903053,0.6790347816053307,-0.32543401551554935,0,0,0
MAP4K4,6,192,16,176,0.22603202420158353,0.7739679444556568,-0.5345530170852636,0,0,0
MAP4K5,6,24,2,22,0.4117941017697287,0.5882058704242172,-0.15484925325987536,0,0,0
MAPRE2,4,63,8,55,0.5017292003158005,0.4982708094857724,0.0030039405973137367,0,0,0
MAPT,5,71,6,65,0.3223453834801647,0.6776546266787918,-0.3226869465280158,0,0,0
MCF2,4,23,4,19,0.5894267245083763,0.4105732720635112,0.157039145383082,0,0,0
MCF2L,6,61,7,54,0.45441204811280655,0.5455879335035689,-0.07941493373487662,0,0,0
MCF2L2,6,56,8,48,0.5583656401474091,0.4416343650740874,0.10185583065225512,0,0,0
MGC33424,5,23,4,19,0.5894267245083763,0.4105732720635112,0.157039145383082,0,0,0
MICAL3,6,84,14,70,0.6705279389561006,0.32947206085905656,0.3085982856757279,0,0,0
MINK,6,43,3,40,0.32334850909985097,0.6766515088845035,-0.32069418022099844,0,0,0
MSN,6,49,7,42,0.5537760001722205,0.44622399389531475,0.09378120535734374,0,0,0
MTSS1,6,73,6,67,0.31001995507906993,0.689980033352546,-0.3474468815821792,0,0,0
MYCBP2,4,14,2,12,0.5209487456859379,0.4790512635034063,0.03641301506591982,0,0,0
MYH1,6,85,8,77,0.3488348049385168,0.6511651894151625,-0.27107136926860087,0,0,0
MYH10,6,46,12,34,0.8389125212247992,0.1610874783813876,0.7166548922219198,0,0,0
MYH11,3,29,5,24,0.6028623583714948,0.3971376413711803,0.18127711569983823,0,0,0
MYH13,6,88,15,73,0.6887554756978023,0.3112445237192844,0.3449633449065489,0,0,0
MYH14,5,40,4,36,0.4212327294635809,0.5787672771257095,-0.13798185548124464,0,0,0
MYH16,5,180,11,169,0.12186840630391864,0.8781315713088846,-0.8576684708006472,0,0,0
MYH2,5,70,7,63,0.38830635357166016,0.6116936327004082,-0.19735947292270858,0,0,0
MYH3,4,36,6,30,0.6051904838474793,0.3948095182756672,0.1855044784715571,0,0,0
MYH4,6,62,5,57,0.32045429420517507,0.679545718901656,-0.32645257674601136,0,0,0
MYH6,5,28,8,20,0.798621850352042,0.20137815053789263,0.5983288423013952,0,0,0
MYH7,5,53,10,43,0.6992080843713823,0.300791915509441,0.36634028148502834,0,0,0
MYH7B,5,37,5,32,0.523678913578087,0.47632108172761184,0.04116527911061629,0,0,0
MYH8,4,64,8,56,0.4939166350304214,0.506083344911625,-0.010568408849468858,0,0,0
MYH9,3,21,6,15,0.751078268894636,0.24892173105581325,0.47962238404089647,0,0,0
MYLIP,4,58,6,52,0.4129262584745495,0.5870737201602246,-0.1528201547483903,0,0,0
MYLK2,4,44,5,39,0.45935283848826375,0.540647179251669,-0.07076752284928711,0,0,0
MYO10,6,35,2,33,0.3128984857219089,0.6871014963672615,-0.34161744429282304,0,0,0
MYO15A,5,51,8,43,0.6005878036578791,0.39941219660204935,0.17715518635053756,0,0,0
MYO18A,5,127,8,119,0.16504123544291746,0.834958796924901,-0.7040725618988294,0,0,0
MYO18B,3,19,6,13,0.7700841617561688,0.22991583842102029,0.524969301788615,0,0,0
MYO1A,5,37,4,33,0.44832335200219214,0.5516766472662299,-0.09009324030199217,0,0,0
MYO1B,6,60,10,50,0.6438270258666157,0.35617297560100825,0.25710824030200385,0,0,0
MYO1C,4,42,11,31,0.8271017082782841,0.17289829190912648,0.6797682154517295,0,0,0
MYO1D,3,30,6,24,0.663452919677765,0.3365470811091964,0.29476428240829594,0,0,0
MYO1E,6,70,10,60,0.5662976349111787,0.4337023732869036,0.11585295736724746,0,0,0
MYO1F,4,25,1,24,0.31813186834719476,0.6818681789246056,-0.33109321734019714,0,0,0
MYO1G,6,92,10,82,0.41345892785416316,0.5865410718692549,-0.15186605457165292,0,0,0
MYO3A,6,48,3,45,0.287157570127341,0.7128424715235987,-0.3948732721548307,0,0,0
MYO3B,6,71,9,62,0.5009221525014708,0.4990778481697923,0.0016019447877673176,0,0,0
MYO5A,6,50,10,40,0.722853475044965,0.2771465259295538,0.4163408356952357,0,0,0
MYO5B,6,68,22,46,0.9589341650263014,0.04106583497138015,1.3683081344282308,0,0,0
MYO5C,5,69,12,57,0.6799909182087251,0.32000908062101197,0.32734080873280724,0,0,0
MYO6,5,73,5,68,0.25457726371515915,0.7454227467928436,-0.46658302089344295,0,0,0
MYO7A,6,25,8,17,0.8226196397333364,0.17738036081911857,0.6662935412815503,0,0,0
MYO7B,4,39,9,30,0.7594069764612205,0.24059302275470648,0.49919155258921205,0,0,0
MYO9A,6,62,9,53,0.5704701333491846,0.4295298699343691,0.1232395449324371,0,0,0
MYO9B,3,23,0,23,0.25426870332093976,0.7457313722339051,-0.4672894615417076,0,0,0
MYOHD1,4,67,18,49,0.9009970692605718,0.09900293076206224,0.959075327306834,0,0,0
Mock,703,15923,1516,14407,0.20996091618143609,0.7900390863976088,-0.5755101175122165,0,0,0
NACSIN,6,56,8,48,0.5583656401474091,0.4416343650740874,0.10185583065225512,0,0,0
NAV2,5,67,8,59,0.4709372596444399,0.5290627294800933,-0.05054412475013781,0,0,0
NAV3,6,117,11,106,0.3241988918507774,0.675801088020531,-0.31900737353025754,0,0,0
NEB,6,48,7,41,0.5625491607315312,0.43745084227303904,0.10923122701670934,0,0,0
NET1,5,65,11,54,0.6589274008204261,0.3410725986114313,0.2859907368112581,0,0,0
NF1,4,32,1,31,0.2617797404206391,0.7382202984058125,-0.4502499269934514,0,0,0
NF2,5,44,2,42,0.2481079335387849,0.751892000523786,-0.48151485085692236,0,0,0
NGEF,2,23,2,21,0.4219055209983808,0.5780945117965579,-0.13678361319758642,0,0,0
NOX1,2,32,8,24,0.765380568015783,0.23461943161972187,0.5135134528507983,0,0,0
NOXA1,5,48,6,42,0.4948890778252574,0.505110930544404,-0.008878890440544684,0,0,0
NP25,6,109,9,100,0.27194758786143614,0.7280524334182847,-0.4276774340521172,0,0,0
NRK,4,34,3,31,0.3983989650030735,0.6016010149463877,-0.17899037324269004,0,0,0
OBSCN,4,16,1,15,0.40591023112261043,0.5940897519186477,-0.16542207522078298,0,0,0
OCRL,4,45,14,31,0.904327936369666,0.09567206368615104,0.9755408054889946,0,0,0
OPHN1,4,25,4,21,0.5680087539386769,0.4319912499517465,0.11888008265460653,0,0,0
PAK1,6,90,12,78,0.5318958229619792,0.4681041695126187,0.05548406328190425,0,0,0
PAK2,6,48,3,45,0.287157570127341,0.7128424715235987,-0.3948732721548307,0,0,0
PAK3,5,66,2,64,0.13934296896418166,0.8606570989980181,-0.7907450612625238,0,0,0
PAK4,6,46,2,44,0.23551269591781882,0.764487326116306,-0.5113559535785253,0,0,0
PAK6,2,32,3,29,0.41684538783098424,0.5831545964049261,-0.14580871418406616,0,0,0
PAK7,5,60,6,54,0.3977969844280357,0.6022030444720455,-0.18008143938786067,0,0,0
PARD6A,6,70,17,53,0.8635952008694384,0.13640479952529333,0.8014805698544128,0,0,0
PARD6B,4,21,3,18,0.5292829521653112,0.47071705290213095,0.050927978574529575,0,0,0
PARD6G,6,83,12,71,0.5798851980974532,0.42011480255308475,0.1399740399710596,0,0,0
PARVA,5,33,2,31,0.32921313951848274,0.670786855558064,-0.3091073865633099,0,0,0
PARVB,6,142,13,129,0.2961979514340913,0.7038020485485972,-0.37586847608201046,0,0,0
PARVG,5,106,6,100,0.160299958899743,0.839700076942622,-0.719190763440136,0,0,0
PFN1,6,51,4,47,0.3326045621767041,0.6673954443965598,-0.30245503164922705,0,0,0
PFN2,5,63,6,57,0.3759178180298703,0.624082175159584,-0.2201488721022113,0,0,0
PFN4,2,1,0,1,0.4864908912617711,0.5135090852370783,-0.02347343837946836,0,0,0
PHACTR3,6,55,2,53,0.18604555763833544,0.8139544907376053,-0.6409807933053148,0,0,0
PIK3R1,4,26,4,22,0.5574298569229732,0.44257014412796053,0.10020811462217327,0,0,0
PIK3R2,6,58,8,50,0.5418576885272782,0.4581423131002658,0.07288483739058066,0,0,0
PIP,5,68,9,59,0.5235709944963883,0.4764290101633118,0.040977384979426046,0,0,0
PKN3,6,56,4,52,0.29783994554481535,0.7021600935816273,-0.3724531752230573,0,0,0
PLCE1,5,70,6,64,0.328666190958471,0.6713338201749549,-0.31018348761133663,0,0,0
PLD1,6,77,7,70,0.342291850641253,0.6577081487948042,-0.28363666355190886,0,0,0
PLD2,6,49,6,43,0.486239061492177,0.5137609504010664,-0.023911237077404945,0,0,0
PLD3,4,14,0,14,0.33419993412414006,0.6658000484823091,-0.299337473839419,0,0,0
PLEC1,6,32,5,27,0.57258295777711,0.427417050712163,0.12698658302285576,0,0,0
PLEKHG1,5,34,7,27,0.6900317107136805,0.3099682922247592,0.3475517829521745,0,0,0
PLEKHG2,6,57,8,49,0.5500815071927334,0.44991850426773167,0.0872932007986501,0,0,0
PLEKHG3,6,73,6,67,0.31001995507906993,0.689980033352546,-0.3474468815821792,0,0,0
PLEKHG4,6,51,3,48,0.26723572460745626,0.7327642944357448,-0.4380697728861537,0,0,0
PLEKHK1,6,55,9,46,0.6273005550948967,0.37269944290869966,0.22611692592198115,0,0,0
PLS1,6,41,0,41,0.1456170285269332,0.8543829834350375,-0.768440419381889,0,0,0
PLS3,6,62,10,52,0.6280921413220698,0.37190786089198646,0.22758800414543243,0,0,0
PLXNA1,6,111,4,107,0.08565559119666419,0.9143442658116504,-1.0283540965926532,0,0,0
PLXNB1,4,22,9,13,0.883997286532447,0.11600271343545582,0.8819827838216238,0,0,0
PLXNB2,4,15,0,15,0.3243250027973337,0.6756749521474389,-0.3187574180066505,0,0,0
PRKCL1,6,64,10,54,0.6124479463442918,0.38755205439369045,0.19873914013124927,0,0,0
PRKCL2,4,64,11,53,0.6664817879688311,0.33351820914917063,0.30066873264321287,0,0,0
PTK2,6,34,7,27,0.6900317107136805,0.3099682922247592,0.3475517829521745,0,0,0
PTK2B,6,49,12,37,0.8197841275337137,0.1802158725803128,0.6579064666533092,0,0,0
PTK9,11,54,9,45,0.6355490039020918,0.3644509988013661,0.24150990082952223,0,0,0
PTK9L,9,61,5,56,0.32713609698703666,0.6728639219614839,-0.3131987625525535,0,0,0
PTPN13,4,51,7,44,0.5364310045722438,0.4635689950532205,0.06339948956509162,0,0,0
PTPN14,6,51,7,44,0.5364310045722438,0.4635689950532205,0.06339948956509162,0,0,0
PTPN21,5,51,7,44,0.5364310045722438,0.4635689950532205,0.06339948956509162,0,0,0
PTPN3,6,64,12,52,0.7160721235306423,0.2839278748420203,0.40174873279393475,0,0,0
PTPN4,6,98,11,87,0.42862083775982757,0.5713791631854007,-0.12485111714102368,0,0,0
PXK,6,58,11,47,0.7117885281008272,0.2882114716562993,0.3926397208242447,0,0,0
PXN,6,78,14,64,0.7104132502596232,0.2895867488152626,0.38973236657267435,0,0,0
RAC1,5,29,6,23,0.6732444160824858,0.3267555867032039,0.31394974207889076,0,0,0
RAC2,6,196,20,176,0.3392498243544472,0.6607501702616659,-0.289517655773969,0,0,0
RAC3,6,191,8,183,0.052835706201667124,0.9471639873495105,-1.2534978010779767,0,0,0
RACGAP1,5,23,6,17,0.7318192654664414,0.2681807355836006,0.4359762623427736,0,0,0
RAD51L3,5,30,4,26,0.5161146254402027,0.48388536500982526,0.028003670347544196,0,0,0
RALBP1,6,79,13,66,0.6577360306299534,0.3422639696831227,0.2836904503365155,0,0,0
RANBP1,6,81,5,76,0.21480336808381356,0.7851966831488361,-0.5629373412835976,0,0,0
RANBP2,5,47,4,43,0.3628770423362526,0.6371229346276328,-0.24446376130885658,0,0,0
RANBP2L1,5,147,10,137,0.1717280852682062,0.8282719660820896,-0.6833316077769505,0,0,0
RAPH1,12,155,29,126,0.8001705473172606,0.19982945309839117,0.6025230629435472,0,0,0
RAPSN,4,49,9,40,0.6770366228709059,0.32296337825009225,0.32145888385597643,0,0,0
RASGRF1,6,75,14,61,0.7302167143091,0.26978328679535546,0.43243672988030324,0,0,0
RASGRF2,6,67,9,58,0.5312459151418888,0.468754086673219,0.05435053837295356,0,0,0
RDX,6,72,12,60,0.6583009630230132,0.34169903782125377,0.28478073560602246,0,0,0
RGSL2,6,116,13,103,0.4219422077828605,0.5780577847024461,-0.1367182888879389,0,0,0
RHOA,5,129,27,102,0.853817571520166,0.14618242893799788,0.7664699159202337,0,0,0
RHOB,6,202,19,183,0.2866361353395509,0.7133638651539852,-0.39598016674996583,0,0,0
RHOBTB1,6,206,13,193,0.11863302570241314,0.8813668230714308,-0.8709511659266306,0,0,0
RHOBTB2,6,79,12,67,0.608080648979197,0.3919193549175907,0.19076447572836058,0,0,0
RHOBTB3,6,144,19,125,0.5312400403031298,0.46875995801597176,0.054340292728669914,0,0,0
RHOC,4,51,4,47,0.3326045621767041,0.6673954443965598,-0.30245503164922705,0,0,0
RHOD,4,81,10,71,0.48612812217010754,0.5138718734580147,-0.024104105688977417,0,0,0
RHOF,6,64,9,55,0.5546194425856393,0.44538055897924117,0.09526383553953721,0,0,0
RHOG,5,108,9,99,0.2765710867615822,0.7234289113659687,-0.41758908597229494,0,0,0
RHOH,6,211,11,200,0.07542279245644513,0.9245772118388987,-1.0884405754068942,0,0,0
RHOJ,5,112,10,102,0.3030716947609371,0.6969282843644059,-0.36164272590263713,0,0,0
RHOQ,6,265,21,244,0.1790788607393064,0.8209211499385715,-0.6612571163459184,0,0,0
RHOT1,6,239,13,226,0.07424254498786602,0.9257575538814667,-1.0958443672478173,0,0,0
RHOT2,6,62,7,55,0.4466888952071213,0.5533111029415181,-0.09296423052426245,0,0,0
RHOU,6,72,13,59,0.7062197394794666,0.2937802602889233,0.38091724069869637,0,0,0
RHOV,2,34,10,24,0.841887028432991,0.1581129716314302,0.7262863172244602,0,0,0
RHPN1,6,43,11,32,0.8203576957710975,0.1796423046153916,0.6595946395456821,0,0,0
RHPN2,6,42,5,37,0.47718712366765487,0.5228128882988473,-0.03965755902596363,0,0,0
RND1,4,151,11,140,0.19189116977883197,0.8081088454872352,-0.6244148619913306,0,0,0
ROCK1,6,87,11,76,0.4995302511343093,0.5004697514041468,-0.0008160376010925563,0,0,0
ROCK2,6,40,6,34,0.5672529797755966,0.4327470175729714,0.11754269978184237,0,0,0
RRAS2,6,57,13,44,0.8066834449624946,0.1933165555947095,0.620434097022392,0,0,0
RTKN,12,207,21,186,0.33267085161813803,0.6673291601048298,-0.3023253449224307,0,0,0
SCIN,4,51,9,42,0.6604090386210029,0.3395909603857681,0.28885688610171556,0,0,0
SEC23A,6,65,7,58,0.4240794828694987,0.5759205075504509,-0.13291528888599424,0,0,0
SEC23B,6,89,6,83,0.22574148096279348,0.7742585588102403,-0.5352746226451535,0,0,0
SEC24A,6,57,3,54,0.23118139629304205,0.7688185456726706,-0.521871001288733,0,0,0
SEC24B,6,68,2,66,0.1322211563327141,0.8677788045199119,-0.8171081069409799,0,0,0
SEC24C,6,82,6,76,0.2596009686646804,0.7403990207446494,-0.4551595332529697,0,0,0
SEC24D,6,78,6,72,0.2810125026889303,0.7189874873233947,-0.4079956955911359,0,0,0
SH3BP1,6,77,9,68,0.45745576906686536,0.5425442402382418,-0.07408604089272564,0,0,0
SH3MD2,6,53,11,42,0.7491078541557427,0.2508921475952677,0.475057284555057,0,0,0
SI,6,54,4,50,0.3113427032272521,0.6886572956109545,-0.34476446163034435,0,0,0
SLMAP,6,30,2,28,0.35505914271436756,0.6449408430836078,-0.2592191904143615,0,0,0
SMC1L1,6,48,11,37,0.7854833062964689,0.21451669366439913,0.5636758648475615,0,0,0
SMTN,5,55,4,51,0.3045249456255397,0.6954750399982665,-0.3586586828080019,0,0,0
SMURF1,6,77,7,70,0.342291850641253,0.6577081487948042,-0.28363666355190886,0,0,0
SOS1,6,106,11,95,0.3818025357904302,0.6181974832916606,-0.20928841080437405,0,0,0
SOS2,12,178,18,160,0.3383936737579038,0.6616063285020247,-0.2911774139204966,0,0,0
SPATA13,6,135,7,128,0.11445747476394795,0.8855424232330458,-0.888565261587975,0,0,0
SPEC1,5,43,8,35,0.6700443567679648,0.3299556419220075,0.3076479933369487,0,0,0
SPEC2,6,73,11,62,0.5990411113620554,0.40095888825651904,0.17435678288569245,0,0,0
SPRED1,6,81,14,67,0.690493723309306,0.3095062759611705,0.3484902743291349,0,0,0
SPRED2,6,53,11,42,0.7491078541557427,0.2508921475952677,0.475057284555057,0,0,0
SPTBN1,4,28,4,24,0.5365618411447267,0.46343815382769527,0.06362799343069875,0,0,0
SPTBN2,4,43,5,38,0.4682131723152021,0.5317868294410987,-0.055293948083020183,0,0,0
SPTBN4,3,17,5,12,0.7271479911824276,0.27285200833650897,0.42569565314022284,0,0,0
SPTBN5,6,156,16,140,0.3542665314762513,0.6457334665478913,-0.26072317128950373,0,0,0
SRF,6,80,14,66,0.6971420588159379,0.30285794095087265,0.3620823189529465,0,0,0
SRGAP1,6,113,19,94,0.6996539379941135,0.3003460618573656,0.36726134083786455,0,0,0
SRGAP2,5,74,10,64,0.5363867065882498,0.46361328861265,0.06332212587027808,0,0,0
STARD13,5,171,6,165,0.04443562688502496,0.9555639983676413,-1.3325286378666248,0,0,0
STARD8,6,122,13,109,0.389664921696999,0.6103350852235436,-0.19487701962720838,0,0,0
SVIL,4,45,11,34,0.8066248630649974,0.19337513725689678,0.6202709701429988,0,0,0
SYNE1,4,29,1,28,0.2847144542338848,0.7152855278140581,-0.4000699333250938,0,0,0
SYNE2,4,41,5,36,0.4862725995820802,0.5137274004114113,-0.023852931391580845,0,0,0
TAGAP,6,218,8,210,0.033393986976942104,0.9666056835483173,-1.4615812189892081,0,0,0
TAGLN,6,68,11,57,0.6363259352947641,0.36367406557961574,0.2429672939256845,0,0,0
TAGLN2,6,72,11,61,0.6064467264716423,0.39355327524893186,0.18778912696891256,0,0,0
TGFB1I1,5,33,7,26,0.6992688326681363,0.3007311669395741,0.36646573152656686,0,0,0
TIAM1,6,180,10,170,0.10011579662314275,0.8998842938958089,-0.9536840208510216,0,0,0
TIAM2,6,151,14,137,0.2982593620867478,0.7017406329724835,-0.37158254266015567,0,0,0
TLN1,4,13,2,11,0.5327793285794582,0.46722068997100213,0.05702531701935065,0,0,0
TLN2,6,135,18,117,0.5381906524585132,0.4618093504961299,0.066473431188247,0,0,0
TLR5,6,71,10,61,0.558747712677911,0.4412522832102035,0.10252878863393083,0,0,0
TMOD1,5,29,8,21,0.790430431921703,0.2095695676041447,0.5765354341158987,0,0,0
TMOD2,6,88,14,74,0.6439467795557254,0.3560532215312784,0.25733505734152656,0,0,0
TMOD3,4,63,12,51,0.7232488309081504,0.2767511697599505,0.4171982761440407,0,0,0
TMOD4,6,66,7,59,0.41673244482887656,0.5832675562526562,-0.14601050514600503,0,0,0
TMSB10,6,71,8,63,0.4414178352595979,0.5585821772949907,-0.10223718814831134,0,0,0
TMSB4X,6,124,15,109,0.4692890351529579,0.5307109761798235,-0.053417653414526145,0,0,0
TMSB4Y,6,101,11,90,0.41058040581923805,0.589419584759992,-0.1570263494443646,0,0,0
TNIK,6,84,8,76,0.3548836084601376,0.6451163897934309,-0.2595521364707023,0,0,0
TNK2,4,46,6,40,0.5124695001131693,0.4875305018229081,0.021666232908333194,0,0,0
TNNI1,5,119,10,109,0.2709613938239091,0.7290386045156632,-0.42984310930277736,0,0,0
TNNI2,6,33,9,24,0.8066547508859959,0.1933452501175,0.6203541909349486,0,0,0
TNNI3,4,44,3,41,0.3158036366103979,0.6841963366354651,-0.3357636347293626,0,0,0
TNNT1,6,74,14,60,0.7367793782457371,0.26322062234576354,0.44701755123111175,0,0,0
TNNT2,4,21,7,14,0.8068398518264744,0.19316014827791822,0.6208698110782493,0,0,0
TNNT3,6,91,15,76,0.6695524766362191,0.3304475264409154,0.30668211954009583,0,0,0
TNS,12,171,13,158,0.19618259178785327,0.8038174395479026,-0.6124969396965021,0,0,0
TOCA1,5,66,9,57,0.538980361890023,0.4610196462131217,0.06785351618618385,0,0,0
TPM1,6,81,11,70,0.5410885399276747,0.45891146663624743,0.0715394326597385,0,0,0
TPM2,6,67,12,55,0.694449543546354,0.30555045617453036,0.356557759952838,0,0,0
TPM3,6,79,6,73,0.27551319681330144,0.7244867944946309,-0.41988807306574827,0,0,0
TPM4,6,58,2,56,0.17194028414410606,0.8280597057177591,-0.6826840171268475,0,0,0
TRIM2,6,123,15,108,0.47482637648676757,0.5251736226428277,-0.043768069918480756,0,0,0
TRIM3,6,64,6,58,0.36884258569153733,0.6311574235982251,-0.23329663041953408,0,0,0
TRIM45,4,38,4,34,0.4391570243676113,0.5608429657557513,-0.10622145111883241,0,0,0
TRIO,6,178,8,170,0.06625685979623869,0.9337431317573386,-1.1489965753568379,0,0,0
TRIP10,28,466,45,421,0.26250758184368966,0.7374924150031626,-0.4486157084962764,0,0,0
UNC13A,5,110,7,103,0.18427937891954724,0.8157205824554616,-0.646064701359311,0,0,0
USP6,6,50,4,46,0.33996492130345674,0.6600350635851457,-0.28813291005674224,0,0,0
USP9Y,6,123,12,111,0.3397120783766172,0.6602879344424004,-0.2886223646000433,0,0,0
UTRN,6,68,6,62,0.3416273789643247,0.6583726453736564,-0.2849190931138776,0,0,0
VASP,6,124,13,111,0.37934181605317063,0.6206581816357309,-0.2138217673328083,0,0,0
VAV1,6,142,16,126,0.4187293865712721,0.5812706242833482,-0.14244492653275775,0,0,0
VAV2,12,263,27,236,0.3297661245194264,0.6702338772883565,-0.3080203341399105,0,0,0
VAV3,12,211,16,195,0.1773247659537796,0.8226752235645725,-0.6664590281215019,0,0,0
VCL,6,76,6,70,0.2923103470028463,0.7076896685528824,-0.38399865742014,0,0,0
VIL1,6,57,7,50,0.48620809308888535,0.5137919274426348,-0.02396507557607025,0,0,0
VIL2,6,49,10,39,0.730691628222899,0.2693083731768153,0.4334842773257138,0,0,0
VILL,6,60,9,51,0.5865121528483792,0.41348784822633594,0.15181426566225856,0,0,0
VPS39,4,72,2,70,0.11907434315256059,0.8809255362816069,-0.8691210644416382,0,0,0
VPS52,6,54,12,42,0.7864410128702531,0.2135589880881931,0.5661483014426939,0,0,0
VTI1B,6,80,5,75,0.21943014677346634,0.7805698755236617,-0.5511154805645446,0,0,0
WAS,5,52,13,39,0.8376372651732118,0.16236273534098009,0.7125696322501703,0,0,0
WASF1,5,63,8,55,0.5017292003158005,0.4982708094857724,0.0030039405973137367,0,0,0
WASF2,5,87,7,80,0.28464244782323656,0.7153574973821082,-0.4002235009167827,0,0,0
WASF3,6,57,5,52,0.3550691678295588,0.6449308642521824,-0.25920017742801227,0,0,0
WASL,6,60,9,51,0.5865121528483792,0.41348784822633594,0.15181426566225856,0,0,0
WASPIP,8,69,14,55,0.7691750161280968,0.2308249838418165,0.5227423554202594,0,0,0
WDR1,2,32,1,31,0.2617797404206391,0.7382202984058125,-0.4502499269934514,0,0,0
ZYX,6,33,3,30,0.4075419508114208,0.5924580648237456,-0.1624852842246704,0,0,0
siCON_OT1,42,625,76,549,0.45881599144504276,0.541184003855822,-0.071706408876333,0,0,0
siCON_OT2,24,379,38,341,0.29764114285287274,0.7023588557136586,-0.3728661000646448,0,0,0
siCON_pool,140,2619,290,2329,0.3526691750930666,0.6473308362831279,-0.26375878595904867,0,0,0
siTOX,100,1403,204,1199,0.6582431855724364,0.3417568145741529,0.28466918889106085,0,0,0
